Pregnancies;Glucose;BloodPressure;SkinThickness;Insulin;BMI;DiabetesPedigreeFunction;Age
5;115;98;0;0;52.9;0.209;28
1;107;50;19;0;28.3;0.181;29
3;88;58;11;54;24.8;0.267;22
1;108;88;19;0;27.1;0.4;24
1;100;72;12;70;25.3;0.658;28
4;125;80;0;0;32.3;0.536;27
8;197;74;0;0;25.9;1.191;39
1;0;74;20;23;27.7;0.299;21
1;99;72;30;18;38.6;0.412;21
1;100;66;15;56;23.6;0.666;26
1;97;70;15;0;18.2;0.147;21
2;92;76;20;0;24.2;1.698;28
0;126;86;27;120;27.4;0.515;21
1;112;72;30;176;34.4;0.528;25
1;96;122;0;0;22.4;0.207;27
3;121;52;0;0;36.0;0.127;25
6;162;62;0;0;24.3;0.178;50
1;126;60;0;0;30.1;0.349;47
4;114;64;0;0;28.9;0.126;24
1;88;30;42;99;55.0;0.496;26
2;114;68;22;0;28.7;0.092;25
0;101;65;28;0;24.6;0.237;22
2;108;80;0;0;27.0;0.259;52
1;149;68;29;127;29.3;0.349;42
1;125;50;40;167;33.3;0.962;28
1;109;38;18;120;23.1;0.407;26
1;135;54;0;0;26.7;0.687;62
1;111;62;13;182;24.0;0.138;23
5;116;74;0;0;25.6;0.201;30
1;105;58;0;0;24.3;0.187;21
0;161;50;0;0;21.9;0.254;65
5;132;80;0;0;26.8;0.186;69
3;111;58;31;44;29.5;0.43;22
1;90;62;12;43;27.2;0.58;24
4;90;0;0;0;28.0;0.61;31
2;93;64;32;160;38.0;0.674;23
0;78;88;29;40;36.9;0.434;21
2;127;46;21;335;34.4;0.176;22
5;85;74;22;0;29.0;1.224;32
0;95;85;25;36;37.4;0.247;24
0;91;80;0;0;32.4;0.601;27
1;97;66;15;140;23.2;0.487;22
2;130;96;0;0;22.6;0.268;21
0;124;70;20;0;27.4;0.254;36
1;113;64;35;0;33.6;0.543;21
0;137;68;14;148;24.8;0.143;21
1;81;72;18;40;26.6;0.283;24
3;150;76;0;0;21.0;0.207;37
1;93;56;11;0;22.5;0.417;22
5;166;72;19;175;25.8;0.587;51
2;155;74;17;96;26.6;0.433;27
5;136;82;0;0;0.0;0.64;69
0;120;74;18;63;30.5;0.285;26
0;94;0;0;0;0.0;0.256;25
0;105;90;0;0;29.6;0.197;46
2;71;70;27;0;28.0;0.586;22
0;74;52;10;36;27.8;0.269;22
1;151;60;0;0;26.1;0.179;22
4;146;85;27;100;28.9;0.189;27
9;156;86;0;0;24.8;0.23;53
3;124;80;33;130;33.2;0.305;26
3;112;74;30;0;31.6;0.197;25
1;119;54;13;50;22.3;0.205;24
5;111;72;28;0;23.9;0.407;27
2;108;62;32;56;25.2;0.128;21
1;0;48;20;0;24.7;0.14;22
4;125;70;18;122;28.9;1.144;45
0;105;64;41;142;41.5;0.173;22
0;126;84;29;215;30.7;0.52;24
3;170;64;37;225;34.5;0.356;30
3;182;74;0;0;30.5;0.345;29
1;147;94;41;0;49.3;0.358;27
12;121;78;17;0;26.5;0.259;62
6;92;62;32;126;32.0;0.085;46
3;173;82;48;465;38.4;2.137;25
7;103;66;32;0;39.1;0.344;31
1;146;56;0;0;29.7;0.564;29
12;151;70;40;271;41.8;0.742;38
5;112;66;0;0;37.8;0.261;41
11;138;76;0;0;33.2;0.42;35
8;124;76;24;600;28.7;0.687;52
7;194;68;28;0;35.9;0.745;41
8;179;72;42;130;32.7;0.719;36
3;158;64;13;387;31.2;0.295;24
0;181;88;44;510;43.3;0.222;26
1;95;82;25;180;35.0;0.233;43
7;106;92;18;0;22.7;0.235;48
10;115;98;0;0;24.0;1.022;34
11;111;84;40;0;46.8;0.925;45
1;103;30;38;83;43.3;0.183;33
1;189;60;23;846;30.1;0.398;59
9;123;70;44;94;33.1;0.374;40
8;109;76;39;114;27.9;0.64;31
2;125;60;20;140;33.8;0.088;31
5;162;104;0;0;37.7;0.151;52
8;126;74;38;75;25.9;0.162;39
6;134;70;23;130;35.4;0.542;29
4;99;68;38;0;32.8;0.145;33
3;193;70;31;0;34.9;0.241;25
7;114;76;17;110;23.8;0.466;31
1;115;70;30;96;34.6;0.529;32
0;129;110;46;130;67.1;0.319;26
6;125;68;30;120;30.0;0.464;32
4;146;78;0;0;38.5;0.52;67
10;115;0;0;0;35.3;0.134;29
5;187;76;27;207;43.6;1.034;53
7;187;68;39;304;37.7;0.254;41
1;144;82;46;180;46.1;0.335;46
4;151;90;38;0;29.7;0.294;36
7;62;78;0;0;32.6;0.391;41
9;165;88;0;0;30.4;0.302;49
5;0;80;32;0;41.0;0.346;37
10;129;62;36;0;41.2;0.441;38
4;142;86;0;0;44.0;0.645;22
6;195;70;0;0;30.9;0.328;31
7;152;88;44;0;50.0;0.337;36
4;122;68;0;0;35.0;0.394;29
0;152;82;39;272;41.5;0.27;27
4;131;68;21;166;33.1;0.16;28
1;180;0;0;0;43.3;0.282;41
9;184;85;15;0;30.0;1.213;49
3;173;78;39;185;33.8;0.97;31
2;174;88;37;120;44.5;0.646;24
2;89;90;30;0;33.5;0.292;42
1;86;66;52;65;41.3;0.917;29
11;138;74;26;144;36.1;0.557;50
7;137;90;41;0;32.0;0.391;39
1;128;48;45;194;40.5;0.613;24
0;123;88;37;0;35.2;0.197;29
9;156;86;28;155;34.3;1.189;42
0;151;90;46;0;42.1;0.371;21
7;147;76;0;0;39.4;0.257;43
5;106;82;30;0;39.5;0.286;38
10;90;85;32;0;34.9;0.825;56
8;118;72;19;0;23.1;1.476;46
0;179;90;27;0;44.1;0.686;23
8;107;80;0;0;24.6;0.856;34
5;189;64;33;325;31.2;0.583;29
